{
  "appType": "webview",
  "sdkVersion": "5",
  "pages": [
    {
      "pageName": "retail-mini-app/pages/shop-detail/shop-detail",
      "pageUrl": "https://g.alicdn.com/code/npm/miniapp-framework/0.1.71/dist/native/renderer.html",
      "window": {
        "allowsBounceVertical": "NO",
        "titleBarColor": "#FFFFFF"
      },
      "usingComponents": {
        "headerComponent": "./components/header/shopHeader",
        "activityComponent": "./components/activities/shopActivity",
        "activity-panel": "./components/activityPanel/activityPanel",
        "store-eval": "./components/store-eval/storeEval",
        "shop-list": "./components/shop-list/shop-list",
        "shopKeeper": "./components/shopKeeper/shopKeeper",
        "detailCell": "./components/detailCell/detailCell",
        "cart": "../../components/cart/cart",
        "cart-button": "../../components/cart-button/cart-button",
        "sheet": "../../components/sheet/sheet",
        "popup-window": "../../components/popup-window/popup-window",
        "coupon-list": "../../components/coupon-list/coupon-list",
        "coupon-business-window": "../../components/coupon-list/coupon-business-window/coupon-business-window",
        "coupon-exchange-window": "../../components/coupon-list/coupon-exchange-window/coupon-exchange-window",
        "coupon-getfree-window": "../../components/coupon-list/coupon-getfree-window/coupon-getfree-window",
        "coupon-delivery-date-window": "../../components/coupon-list/coupon-delivery-date-window/coupon-delivery-date-window",
        "error-view": "../../components/error-view/error-view"
      }
    },
    {
      "pageName": "retail-mini-app/pages/shop-search/shop-search",
      "pageUrl": "https://g.alicdn.com/code/npm/miniapp-framework/0.1.71/dist/native/renderer.html",
      "window": {
        "allowsBounceVertical": "NO",
        "titleBarColor": "#FFFFFF"
      },
      "usingComponents": {
        "searchBar": "./components/searchBar/searchBar",
        "filterBar": "./components/filterBar/filterBar",
        "searchResult": "./components/searchResult/searchResult",
        "noResult": "./components/noResult/noResult",
        "cart": "../../components/cart/cart"
      }
    },
    {
      "pageName": "retail-mini-app/pages/item-detail/item-detail",
      "pageUrl": "https://g.alicdn.com/code/npm/miniapp-framework/0.1.71/dist/native/renderer.html",
      "window": {
        "allowsBounceVertical": "NO"
      },
      "usingComponents": {
        "swiperComponent": "./components/swiper-view/swiper-view",
        "headerComponent": "./components/item-header/item-header",
        "infoComponent": "./components/item-info/item-info",
        "qualityAssurance": "./components/quality-assurance/quality-assurance",
        "medicine-introduction": "./components/medicine-introduction/medicine-introduction",
        "introduction-list": "./components/introduction-list/introduction-list",
        "illustration": "./components/illustration/illustration",
        "cart": "../../components/cart/cart",
        "sheet": "../../components/sheet/sheet",
        "error-view": "../../components/error-view/error-view"
      }
    },
    {
      "pageName": "retail-mini-app/pages/shop-certification/shop-certificate",
      "pageUrl": "https://g.alicdn.com/code/npm/miniapp-framework/0.1.71/dist/native/renderer.html",
      "window": {
        "allowsBounceVertical": "NO"
      },
      "usingComponents": {
        "text-cell": "../../pages/shop-detail/components/detailCell/detailCell",
        "error-view": "../../components/error-view/error-view"
      }
    },
    {
      "pageName": "pages/index-normal/index",
      "pageUrl": "https://g.alicdn.com/code/npm/miniapp-framework/0.1.71/dist/native/renderer.html",
      "defaultTitle": "",
      "titleBarColor": "#ff0000",
      "pullRefresh": false,
      "allowsBounceVertical": "NO",
      "usingComponents": {
        "tabbar": "/components/tabbar/tabbar",
        "super-vip": "/components/super-vip/super-vip",
        "banner": "/components/banner/banner",
        "sbanner": "/components/sbanner/sbanner",
        "discount-card": "/components/discount-card/discount-card",
        "king-tab": "/components/king-tab/king-tab",
        "shop-card": "/components/shop-card/shop-card",
        "header-bar": "/components/header-bar/header-bar",
        "load-more": "/components/load-more/load-more"
      },
      "window": {
        "navigationBarBackgroundColor": "#ffffff",
        "navigationBarForceEnable": false,
        "translucent": true,
        "allowsBounceVertical": false,
        "backgroundTextStyle": "light",
        "isShowNavigationBar": true,
        "navigationBarTitleBg": "https://gw.alicdn.com/tfs/TB1j1QLmgDqK1RjSZSyXXaxEVXa-224-80.png"
      }
    },
    {
      "pageName": "pages/ele-shop-list/ele-shop-list",
      "pageUrl": "https://g.alicdn.com/code/npm/miniapp-framework/0.1.71/dist/native/renderer.html",
      "transparentTitle": "always",
      "allowsBounceVertical": "NO",
      "window": {
        "showNavigationBar": false,
        "translucent": true,
        "allowsBounceVertical": false
      },
      "usingComponents": {
        "shop-card": "../../components/shop-card/shop-card",
        "load-more": "../../components/load-more/load-more"
      }
    },
    {
      "pageName": "pages/ele-takeout-index/ele-takeout-index",
      "pageUrl": "https://g.alicdn.com/code/npm/miniapp-framework/0.1.71/dist/native/renderer.html",
      "transparentTitle": "always",
      "allowsBounceVertical": "NO",
      "window": {
        "translucent": true,
        "allowsBounceVertical": false,
        "navigationBarForceEnable": true,
        "navigationBarTitleText": "店铺"
      },
      "navigationBarTitleText": ""
    },
    {
      "pageName": "pages/eleme-order-list/eleme-order-list",
      "pageUrl": "https://g.alicdn.com/code/npm/miniapp-framework/0.1.71/dist/native/renderer.html",
      "defaultTitle": "订单列表",
      "window": {
        "navigationBarTitleText": "我的订单",
        "navigationBarForceEnable": true,
        "translucent": false,
        "backgroundTextStyle": "dark",
        "navigationBarBackgroundColor": "#ffffff"
      }
    },
    {
      "pageName": "pages/ele-my/ele-my",
      "pageUrl": "https://g.alicdn.com/code/npm/miniapp-framework/0.1.71/dist/native/renderer.html",
      "defaultTitle": "我的",
      "window": {
        "navigationBarTitleText": "我的",
        "navigationBarForceEnable": true,
        "backgroundTextStyle": "dark",
        "navigationBarBackgroundColor": "#ffffff"
      }
    },
    {
      "pageName": "pages/ele-my/pages/select-address/select-address",
      "pageUrl": "https://g.alicdn.com/code/npm/miniapp-framework/0.1.71/dist/native/renderer.html",
      "defaultTitle": "我的收货地址",
      "window": {
        "navigationBarTitleText": "我的收货地址",
        "navigationBarForceEnable": true,
        "backgroundTextStyle": "dark",
        "navigationBarBackgroundColor": "#f7f7f7"
      }
    },
    {
      "pageName": "pages/ele-takeout-index/pages/banner-commodities/banner-commodities",
      "pageUrl": "https://g.alicdn.com/code/npm/miniapp-framework/0.1.71/dist/native/renderer.html",
      "defaultTitle": "活动",
      "titleBarColor": "#333333",
      "window": {
        "navigationBarTitleText": "店铺",
        "navigationBarForceEnable": true,
        "backgroundTextStyle": "dark",
        "navigationBarBackgroundColor": "#ffffff"
      }
    },
    {
      "pageName": "pages/eleme-order-detail/eleme-order-detail",
      "pageUrl": "https://g.alicdn.com/code/npm/miniapp-framework/0.1.71/dist/native/renderer.html",
      "defaultTitle": " ",
      "window": {
        "navigationBarTitleText": " ",
        "navigationBarForceEnable": false,
        "translucent": true,
        "backgroundTextStyle": "dark",
        "allowsBounceVertical": false,
        "isShowNavigationBar": true,
        "navigationBarBackgroundColor": "#F8F8F8"
      }
    },
    {
      "pageName": "pages/ele-evaluate-order/ele-evaluate-order",
      "pageUrl": "https://g.alicdn.com/code/npm/miniapp-framework/0.1.71/dist/native/renderer.html",
      "defaultTitle": "发表评价",
      "window": {
        "navigationBarTitleText": "发表评价",
        "navigationBarForceEnable": true,
        "backgroundTextStyle": "dark",
        "navigationBarBackgroundColor": "#F3F3F3"
      }
    },
    {
      "pageName": "pages/ele-order-detail/ele-order-detail",
      "pageUrl": "https://g.alicdn.com/code/npm/miniapp-framework/0.1.71/dist/native/renderer.html",
      "defaultTitle": "订单详情页",
      "window": {
        "navigationBarTitleText": "订单详情页",
        "navigationBarForceEnable": true,
        "translucent": false,
        "backgroundTextStyle": "dark",
        "navigationBarBackgroundColor": "#ffffff"
      }
    },
    {
      "pageName": "pages/ele-gifting-checkout/ele-gifting-checkout",
      "pageUrl": "https://g.alicdn.com/code/npm/miniapp-framework/0.1.71/dist/native/renderer.html",
      "defaultTitle": "填写配送信息",
      "window": {
        "navigationBarTitleText": "填写配送信息",
        "navigationBarForceEnable": true,
        "backgroundTextStyle": "dark",
        "navigationBarBackgroundColor": "#ffffff"
      }
    },
    {
      "pageName": "pages/ele-gifting-checkout/pages/select-address/select-address",
      "pageUrl": "https://g.alicdn.com/code/npm/miniapp-framework/0.1.71/dist/native/renderer.html",
      "defaultTitle": "选择收货地址",
      "window": {
        "navigationBarTitleText": "选择收货地址",
        "navigationBarForceEnable": true,
        "backgroundTextStyle": "dark",
        "navigationBarBackgroundColor": "#f7f7f7"
      }
    },
    {
      "pageName": "pages/ele-poi/ele-poi",
      "pageUrl": "https://g.alicdn.com/code/npm/miniapp-framework/0.1.71/dist/native/renderer.html",
      "defaultTitle": "选择收货地址",
      "window": {
        "navigationBarTitleText": "选择收货地址",
        "navigationBarForceEnable": true,
        "backgroundTextStyle": "dark",
        "navigationBarBackgroundColor": "#f7f7f7"
      }
    },
    {
      "pageName": "pages/ele-poi/pages/edit/edit",
      "pageUrl": "https://g.alicdn.com/code/npm/miniapp-framework/0.1.71/dist/native/renderer.html",
      "defaultTitle": "修改地址",
      "window": {
        "navigationBarTitleText": "修改地址",
        "navigationBarForceEnable": true,
        "backgroundTextStyle": "dark",
        "navigationBarBackgroundColor": "#f7f7f7"
      }
    },
    {
      "pageName": "pages/ele-poi/pages/search/search",
      "pageUrl": "https://g.alicdn.com/code/npm/miniapp-framework/0.1.71/dist/native/renderer.html",
      "defaultTitle": "搜索地址",
      "window": {
        "navigationBarTitleText": "搜索地址",
        "navigationBarForceEnable": true,
        "backgroundTextStyle": "dark",
        "navigationBarBackgroundColor": "#ffffff"
      }
    },
    {
      "pageName": "pages/ele-poi/pages/city/city",
      "pageUrl": "https://g.alicdn.com/code/npm/miniapp-framework/0.1.71/dist/native/renderer.html",
      "defaultTitle": "选择城市",
      "window": {
        "navigationBarTitleText": "选择收货地址",
        "navigationBarForceEnable": true,
        "backgroundTextStyle": "dark",
        "navigationBarBackgroundColor": "#ffffff"
      }
    },
    {
      "pageName": "pages/ele-checkout/ele-checkout",
      "pageUrl": "https://g.alicdn.com/code/npm/miniapp-framework/0.1.71/dist/native/renderer.html",
      "defaultTitle": "确认订单",
      "window": {
        "navigationBarTitleText": "确认订单",
        "navigationBarForceEnable": true,
        "backgroundTextStyle": "dark",
        "navigationBarBackgroundColor": "#f7f7f7"
      }
    },
    {
      "pageName": "pages/ele-checkout/pages/select-address/select-address",
      "pageUrl": "https://g.alicdn.com/code/npm/miniapp-framework/0.1.71/dist/native/renderer.html",
      "defaultTitle": "选择收货地址",
      "window": {
        "navigationBarTitleText": "选择收货地址",
        "navigationBarForceEnable": true,
        "backgroundTextStyle": "dark",
        "navigationBarBackgroundColor": "#f7f7f7"
      }
    },
    {
      "pageName": "pages/ele-checkout/pages/hongbao-webview-redirect/hongbao-webview-redirect",
      "pageUrl": "https://g.alicdn.com/code/npm/miniapp-framework/0.1.71/dist/native/renderer.html",
      "defaultTitle": "",
      "window": {
        "navigationBarTitleText": "",
        "backgroundTextStyle": "dark",
        "navigationBarBackgroundColor": "#f7f7f7",
        "navigationBarForceEnable": true,
        "translucent": false
      }
    },
    {
      "pageName": "pages/ele-checkout/pages/add-note/add-note",
      "pageUrl": "https://g.alicdn.com/code/npm/miniapp-framework/0.1.71/dist/native/renderer.html",
      "defaultTitle": "订单备注",
      "window": {
        "navigationBarTitleText": "订单备注",
        "navigationBarForceEnable": true,
        "backgroundTextStyle": "dark",
        "navigationBarBackgroundColor": "#f7f7f7"
      }
    },
    {
      "pageName": "pages/ele-checkout/pages/select-invoice/select-invoice",
      "pageUrl": "https://g.alicdn.com/code/npm/miniapp-framework/0.1.71/dist/native/renderer.html",
      "defaultTitle": "选择发票",
      "window": {
        "navigationBarTitleText": "选择发票",
        "navigationBarForceEnable": true,
        "backgroundTextStyle": "dark",
        "navigationBarBackgroundColor": "#f7f7f7"
      }
    },
    {
      "pageName": "pages/ele-checkout/pages/invoice-create/invoice-create",
      "pageUrl": "https://g.alicdn.com/code/npm/miniapp-framework/0.1.71/dist/native/renderer.html",
      "defaultTitle": "新增发票",
      "window": {
        "navigationBarTitleText": "新增发票",
        "navigationBarForceEnable": true,
        "backgroundTextStyle": "dark",
        "navigationBarBackgroundColor": "#f7f7f7"
      }
    },
    {
      "pageName": "pages/ele-checkout/pages/invoice-edit/invoice-edit",
      "pageUrl": "https://g.alicdn.com/code/npm/miniapp-framework/0.1.71/dist/native/renderer.html",
      "defaultTitle": "选择发票",
      "window": {
        "navigationBarTitleText": "选择发票",
        "navigationBarForceEnable": true,
        "backgroundTextStyle": "dark",
        "navigationBarBackgroundColor": "#f7f7f7"
      }
    },
    {
      "pageName": "pages/ele-brand-story/ele-brand-story",
      "pageUrl": "https://g.alicdn.com/code/npm/miniapp-framework/0.1.71/dist/native/renderer.html"
    },
    {
      "pageName": "pages/ele-product-detail/ele-product-detail",
      "pageUrl": "https://g.alicdn.com/code/npm/miniapp-framework/0.1.71/dist/native/renderer.html",
      "transparentTitle": "always",
      "allowsBounceVertical": "NO",
      "window": {
        "translucent": true,
        "allowsBounceVertical": "NO"
      },
      "navigationBarTitleText": "商品详情"
    },
    {
      "pageName": "pages/ele-index-search/ele-index-search",
      "pageUrl": "https://g.alicdn.com/code/npm/miniapp-framework/0.1.71/dist/native/renderer.html",
      "defaultTitle": "搜索",
      "window": {
        "navigationBarForceEnable": true,
        "backgroundTextStyle": "dark",
        "navigationBarBackgroundColor": "#ffffff",
        "translucent": false,
        "allowsBounceVertical": "NO"
      }
    },
    {
      "pageName": "pages/webview-redirect/webview-redirect",
      "pageUrl": "https://g.alicdn.com/code/npm/miniapp-framework/0.1.71/dist/native/renderer.html",
      "defaultTitle": "",
      "window": {
        "navigationBarTitleText": "",
        "backgroundTextStyle": "dark",
        "navigationBarBackgroundColor": "#ffffff",
        "navigationBarForceEnable": true,
        "translucent": false
      }
    },
    {
      "pageName": "pages/ele-checkout/pages/service/service",
      "pageUrl": "https://g.alicdn.com/code/npm/miniapp-framework/0.1.71/dist/native/renderer.html",
      "window": {
        "navigationBarForceEnable": true,
        "backgroundTextStyle": "dark",
        "navigationBarBackgroundColor": "#ffffff"
      }
    },
    {
      "pageName": "pages/discover/discover",
      "pageUrl": "https://g.alicdn.com/code/npm/miniapp-framework/0.1.71/dist/native/renderer.html",
      "pullRefresh": false,
      "window": {
        "navigationBarTitleText": "",
        "backgroundTextStyle": "dark",
        "navigationBarBackgroundColor": "#ffffff",
        "navigationBarForceEnable": true,
        "translucent": false
      }
    },
    {
      "pageName": "pages/order-list/order-list",
      "pageUrl": "https://g.alicdn.com/code/npm/miniapp-framework/0.1.71/dist/native/renderer.html",
      "pullRefresh": false,
      "window": {
        "navigationBarTitleText": "",
        "backgroundTextStyle": "dark",
        "navigationBarBackgroundColor": "#ffffff",
        "navigationBarForceEnable": true,
        "translucent": false
      }
    },
    {
      "pageName": "pages/my/my",
      "pageUrl": "https://g.alicdn.com/code/npm/miniapp-framework/0.1.71/dist/native/renderer.html",
      "pullRefresh": false,
      "window": {
        "navigationBarTitleText": "",
        "backgroundTextStyle": "dark",
        "navigationBarBackgroundColor": "#ffffff",
        "navigationBarForceEnable": true,
        "translucent": false
      }
    },
    {
      "pageName": "pages/ucc-page/ucc-page",
      "pageUrl": "https://g.alicdn.com/code/npm/miniapp-framework/0.1.71/dist/native/renderer.html",
      "defaultTitle": "",
      "window": {
        "navigationBarTitleText": "",
        "backgroundTextStyle": "dark",
        "navigationBarBackgroundColor": "#ffffff",
        "navigationBarForceEnable": true,
        "translucent": false
      }
    },
    {
      "pageName": "pages/test-setting/test-setting",
      "pageUrl": "https://g.alicdn.com/code/npm/miniapp-framework/0.1.71/dist/native/renderer.html"
    },
    {
      "pageName": "pages/eleme-order-detail/test/myucc-test/myucc-test",
      "pageUrl": "https://g.alicdn.com/code/npm/miniapp-framework/0.1.71/dist/native/renderer.html"
    }
  ],
  "h5Pages": [
    "https://market.wapa.taobao.com/app/tb-source-app/minishop/pages/index",
    "https://market.m.taobao.com/app/tb-source-app/minishop/pages/index",
    "https://starbucks.m.tmall.com",
    "https://market.m.taobao.com/app/dinamic/h5-tb-detail/index.html",
    "https://h5.wapa.taobao.com/cart/order.html",
    "https://refund.m.tmall.com/dispute/wirelessApplyRouter.htm",
    "https://detail.m.tmall.com/item.htm",
    "https://detail.wapa.tmall.com/item.htm",
    "https://h5.m.taobao.com/applink/smb-fid-sender.html",
    "https://h5.m.taobao.com/istore-coupon/detail/index.html",
    "https://h5.m.taobao.com/awp/coupon/detail.htm",
    "https://h5.m.taobao.com/place-map/map-list.html",
    "https://market.m.taobao.com/apps/market/vip-code/index_v3.html?wh_weex=true&wx_navbar_transparent=true&wx_navbar_hidden=true",
    "https://market.wapa.taobao.com/apps/market/vip-code/index_v3.html?wh_weex=true&wx_navbar_transparent=true&wx_navbar_hidden=true",
    "https://h5.alta.elenet.me/supervip/#/miniapptest/",
    "https://air.tb.ele.me/o2o-fe/supervip-relife/home/index.html"
  ],
  "h5PagesBlack": [
    "https://h5.m.taobao.com/app/waimai/shop.html",
    "https://h5.wapa.taobao.com/wx/h5chat.html",
    "https://h5.m.taobao.com/wx/h5chat.html"
  ],
  "startApps": [
    "https://h5.ele.me/ka/"
  ],
  "h5Container": [
    "https://h5.ele.me/profile/benefitinbzy/#isAliMiniApp=true",
    "https://h5-vip.ele.me/profile/benefitinbzy/#isAliMiniApp=true",
    "https://h5.ar.elenet.me/profile/benefitinbzy/#isAliMiniApp=true",
    "https://h5.ele.me/supervip/",
    "https://h5-vip.ele.me/supervip/",
    "https://h5.ar.elenet.me/supervip/",
    "https://h5.ele.me/selecthongbao",
    "https://h5-vip.ele.me/selecthongbao",
    "https://h5.ar.elenet.me/selecthongbao",
    "https://h5-vip.ele.me/newretail/",
    "https://h5.ele.me/newretail/",
    "http://h5.alpha.elenet.me/newretail/"
  ],
  "window": {
    "defaultTitle": "",
    "transparentTitle": "none",
    "translucent": false,
    "enableInPageRender": "YES",
    "titleBarColor": "#fff",
    "navigationBarTitleBg": "https://gw.alicdn.com/tfs/TB1j1QLmgDqK1RjSZSyXXaxEVXa-224-80.png"
  },
  "tabBar": {
    "selectedColor": "#007aff",
    "backgroundColor": "#ffffff",
    "color": "#8e8e93",
    "list": []
  },
  "isDev": false,
  "isDebug": false,
  "frameworkVersion": "0.0.72",
  "homepage": "retail-mini-app/pages/shop-detail/shop-detail"
}